ACAGAAACTGAAAGCCAAGAGCAAAACCCAAAAATGAGTCAGAGGAAATGC	./GSE95758/GSM2492064/ChIP-Seq-WT-L1-SMC1-rep1.fastq.gz
ACACAGGAGGCTCCCTGAGGAGGAGGCCAATGTAGAGCCAGCTCGAGGATC	./GSE95758/GSM2492065/ChIP-Seq-WT-L1-SMC1-rep2.fastq.gz
TATCGGAAGAGCACACGTCTGAACTTCAGTCACTGACCAATCTCGTATGCC	./GSE74826/GSM2102914/ChIPSeq_WT_L1_ELF5_rep1.fastq.gz
TGCCTTCAGGACCTGCTCTGGCCCGATCACGTATATACCACTTCCATTTGA	./GSE74826/GSM2102908/ChIPSeq_WT_L1_H3K27ac_rep1.fastq.gz
GGACTTTCTCCCTTACCCAAATGTGCCTGTTTGGTTTGGGCATCTTTCATC	./GSE74826/GSM2425114/ChIPSeq_WT_p16_H3K27ac.fastq.gz
AGAATATTCAGTTGTTGTCTGATTCTGGAACAGACAGAAGCTCCGGAGNTC	./GSE74826/GSM2102917/ChIPSeq_WT_L1_RNAPolII_rep2.fastq.gz
NGGGGCATCTGGGTTCTTTCCAGCTTCTGGCTATTATAAATAAGACTGTT	./GSE74826/GSM2102924/ChIPSeq_WT_p13_NFIB_rep1.fastq.gz
TTTACCTCTTTAGTTCTGTTTGTTTATGTTGGAGTGCCTTGGGAAGCCAGN	./GSE74826/GSM2102926/ChIPSeq_WT_p13_ELF5_rep1.fastq.gz
AGACGCTGTAGTGTCCCACAGATGGATGCCATAAGGTACCGTGAGTACCC	./GSE74826/GSM2102921/ChIPSeq_WT_p13_GR_rep2.fastq.gz
GTGTATAACCCCAAAAAGCAAGGGNNGGNNCAATACAAAGCATGCCTCAA	./GSE74826/GSM2102915/ChIPSeq_WT_L1_ELF5_rep2.fastq.gz
CATTCCATTTCAAAGTTATTTGACCACGGCNNNNNNNNNNNTCTTGAGGGA	./GSE74826/GSM2102920/ChIPSeq_WT_p13_GR_rep1.fastq.gz
TTTACCTCTTTAGTTCTGTTTGTTTATGTTGGAGTGCCTTGGGAAGCCAGN	./GSE74826/GSM1936105/ChIPSeq_WT_p13_ELF5.fastq.gz
AAGCCTATCAGAATTACACCAGATTTTTCACCAGAGACTATGAAAGCCAGA	./GSE74826/GSM2102904/ChIPSeq_WT_L1_STAT5A_rep1.fastq.gz
AGAGTGGAAATTTACTGCAGCTCTCTGTGAGTGTTCAAGTGATCATTTTC	./GSE74826/GSM2102927/ChIPSeq_WT_p13_ELF5_rep2.fastq.gz
CAGGAACACCAAACAATCTAAGTCAGGGGGTGGGGAGGAGTGCTGTGACAT	./GSE74826/GSM2102906/ChIPSeq_WT_L1_GR_rep1.fastq.gz
CTGTGTTCAAAGGCCGCAGAATCTGGAGTCTGGCATCCAGAAGCATCAACA	./GSE74826/GSM2102910/ChIPSeq_WT_L1_MED1_rep1.fastq.gz
NGATGAGAGTTACTATTTGGCTTTTGATAAAAGTCNCTTNNTCANTTNCTC	./GSE74826/GSM2102922/ChIPSeq_WT_p13_H3K27ac_rep1.fastq.gz
TCATTCTCTCACTCTCTTTCAAAAGCAAACAATCAGACAAAACACAAACAA	./GSE74826/GSM2102930/ChIPSeq_WT_L1_MECs_H3K4me3.fastq.gz
GATCGGAAGAGCACACGTCTGAACTCCAGTCACGCCAATATCTCGTATGCC	./GSE74826/GSM2425116/ChIPSeq_WT_L1_CTCF.fastq.gz
CACTGGAACTGAAACTAGAGACCTTTAGTGCCTATTCCTTCCTTGTGTCGA	./GSE74826/GSM2425115/ChIPSeq_WT_p16_STAT5A.fastq.gz
TTTTAATACTCAGTTTTAATAGCTCTTCTAACGTTGACNANNNNNNNNNTN	./GSE74826/GSM2102909/ChIPSeq_WT_L1_H3K27ac_rep2.fastq.gz
CTCCTGAACTGTGGGCCCTCAGGCTTCGGTAGCCTGCGCTCGGAGCCTTGC	./GSE74826/GSM2102929/ChIPSeq_WT_p13_MECs_H3K4me3.fastq.gz
CATTTTCCGTGATTTTCAGTTTTCTCGCCATATTCCAGGTCCTTCAGTGTG	./GSE74826/GSM2102911/ChIPSeq_WT_L1_MED1_rep2.fastq.gz
CTGGCCATGTACAGAGAGGGAAAATGACACCAACAGGGAGCCACAGAGCA	./GSE74826/GSM2102905/ChIPSeq_WT_L1_STAT5A_rep2.fastq.gz
CAGTGGACATTTCTAAATATTCCACCTTTTTCAGTTTTCCTCGCCATATTT	./GSE74826/GSM2102918/ChIPSeq_WT_p13_STAT5A_rep1.fastq.gz
NGTTAATGAGGAGGGCACAGAGGCTGCAGCTGCTACAGCTGGCATGATGAC	./GSE74826/GSM2102923/ChIPSeq_WT_p13_H3K27ac_rep2.fastq.gz
AGGTGACAGGTACACAGATCCACACTGGGGCTTTTNNNNTTTNNTNTTTTT	./GSE74826/GSM2425112/ChIPSeq_WT_p14_H3K27ac.fastq.gz
TAACAGCCTTTGGACAGCCTCCCAGCAGGCGCACGTGTGGGAGCAGGAAGN	./GSE74826/GSM2102925/ChIPSeq_WT_p13_NFIB_rep2.fastq.gz
TCTCAACTAATGACATCTGCAGTCACCCTGCTATCCAATAAGGACATCGT	./GSE74826/GSM2102919/ChIPSeq_WT_p13_STAT5A_rep2.fastq.gz
TTCACTGCTAAAGGCACATGACCCGATGAGAGGCGGCTCTCTTCAGTTGA	./GSE74826/GSM2102913/ChIPSeq_WT_L1_NFIB_rep2.fastq.gz
NATAGGTACATGTAAGTTAAGAAAGAATACAGCAGGGTTAGAGAGATGGCT	./GSE74826/GSM2102928/ChIPSeq_WT_p13_H3K4me3.fastq.gz
GATCGGAAGAGCACACGTCTGAACTCCAGTCACCGATGTATCTCGTATGCC	./GSE74826/GSM2102907/ChIPSeq_WT_L1_GR_rep2.fastq.gz
AGTTCTTTTATTGTTGAGTATAGTTTTCACTATCCTGGGGTTTTGTTATTC	./GSE74826/GSM2102916/ChIPSeq_WT_L1_RNAPolII_rep1.fastq.gz
CCATATTCCAAGTCCTAGAGTGGACATTTCTAAATTTTCCACCTTTTTCAG	./GSE74826/GSM2102912/ChIPSeq_WT_L1_NFIB_rep1.fastq.gz
AAGCCCTGACTCGGCCGACCAGGGCTTAGATCGGAAGAGCACACGTCTGAC	./GSE74826/GSM2102960/DNaseSeq_WT_L1_rep1.fastq.gz
TGTGGTCCGACTTCAGCAGTTTCCGGAAGGAGACTGGCACTCGCTGTCGCC	./GSE74826/GSM1936101/ChIPSeq_WT_L1_H3K4me3.fastq.gz
GATCGGAAGAGCACACGTCTGAACTCCAGTCACGCCAATATCTCGTATGT	./GSE74826/GSM2102961/DNaseSeq_WT_L1_rep2.fastq.gz
ACGCCACCTAGTCCTGGGCACCCCAACACAACCAAAAAGCTAGACCCGGAT	./GSE74826/GSM1936103/ChIPSeq_WT_p13_MED1.fastq.gz
GTAATGAAAAATCATAACTCACACTCTTAAGCCACCCNNGGTNACNTGGGA	./GSE74826/GSM2425113/ChIPSeq_WT_p14_STAT5A.fastq.gz
ACATTGTACTTTGCCAGCAATTGATTTTTCTTTCCTTTTTCTTTCGGACAG	./GSE92932/GSM2433043/ChIP-seq-Mammary-WT-L1-CTCF-rep2.fastq.gz
NGCCAGGTTTTTGGCCACCAGTGAGAAGAAATAATACATTTTTCTGCTCCT	./GSE92932/GSM2577605/ChIP-seq-Mammary-WT-L1-H3K27me3-rep1.fastq.gz
NTGCAGTAGGTATACAAGAGAAAGATAGATAAATCATCCCACTATAAATTA	./GSE92932/GSM2433042/ChIP-seq-Mammary-WT-L1-CTCF-rep1.fastq.gz
NTTGATGATGGTAGAGGACATCAAGAAGAACTATAATAACTCACAGAAATA	./GSE92932/GSM2577606/ChIP-seq-Mammary-WT-L1-H3K27me3-rep2.fastq.gz
AAGACATGATTAAGGGTCTTGAGACAGGGATGAATCTTGAGGTTTGGAGGC	./GSE119657/GSM3380368/ChIP-seq-Elf5-V5-L1-rep1.fastq.gz
NACATTGTCTTGAGATTTTTGTTCTTTACTTGTTGGTTGGTTGTTATTTCT	./GSE119657/GSM3380369/ChIP-seq-Elf5-V5-L1-rep2.fastq.gz
CAGTTCAAAGCATCGATGAGAGTAAGTTGCCCAAGCACCAAGTTCACAGTT	./GSE84115/GSM2300478/ChIPSeq-WT-I24-STAT3-rep2.fastq.gz
TCTTATAGGCTCATCATTAAGAATTAAAAAGTTGGTTCCTTCCAGTCAGC	./GSE84115/GSM2300458/ChIPSeq-WT-I12-STAT5A-rep1.fastq.gz
GTTAACTTGAAATATAGCACTGATGAGACATGTACCAACAATTTAGACAAT	./GSE84115/GSM2300462/ChIPSeq-WT-L1-GR-rep1.fastq.gz
AGGGCTCTCCATGGACTCTGGAGACACCACTGTGCAGCAGTGCGACCTGGA	./GSE84115/GSM2300471/ChIPSeq-WT-I12-H3K27ac-rep2.fastq.gz
CCTCTCTTTCCAGTGATGGCCGACTAGGCCATCTTTTGATACACATGCAGC	./GSE84115/GSM2300476/ChIPSeq-WT-I12-STAT3-rep2.fastq.gz
NGACTAGTTTAAATGTAGGCACAGTGCCCAAGCAGGGTCAATGGTATTTGC	./GSE84115/GSM2300457/ChIPSeq-WT-L1-STAT5A-rep2.fastq.gz
AACTTCCTGTCATCTGTGGTGCTCCTTCCATTGTGATGGGCTGGGTGGCG	./GSE84115/GSM2300469/ChIPSeq-WT-L1-H3K27ac-rep2.fastq.gz
AGCATGTATGCATGCTTTTGTTTTTTGTGTGTGATGGGTTTTTTTTCTCCT	./GSE84115/GSM2300477/ChIPSeq-WT-I24-STAT3-rep1.fastq.gz
ATTCAGGGGGCTGAGGCTAGAGGACTGCCTGGAGTTTGAGGCCAGTCCAG	./GSE84115/GSM2300470/ChIPSeq-WT-I12-H3K27ac-rep1.fastq.gz
GTAAAATCCTGGCTTAATATAAAGATGTGGCTGGATGCAAAGTCTTGGTT	./GSE84115/GSM2300464/ChIPSeq-WT-I12-GR-rep1.fastq.gz
CACAGGAGACAGTGGATTGGACCACTTGGAAGCCAGGGGTTTTTAGATCGG	./GSE84115/GSM2300473/ChIPSeq-WT-I24-H3K27ac-rep2.fastq.gz
TGTACTTAAGATCCTGTGAATTTTTCTTTTTGTCACCCTTCATGCCTTCCT	./GSE84115/GSM2300460/ChIPSeq-WT-I24-STAT5A-rep1.fastq.gz
GGATTTTTACCAATTCTAAATCTGATAGGAGACTAATATCCAATATAGAAN	./GSE84115/GSM2300456/ChIPSeq-WT-L1-STAT5A-rep1.fastq.gz
TCACAAGCCTCCCAAAATGGCAGACCAAGTATTTAAATGCCAGAGCCCATG	./GSE84115/GSM2300461/ChIPSeq-WT-I24-STAT5A-rep2.fastq.gz
GTTTTCTACCATGAGGATCTTGTTCTAACCCTCTAAAACTATAAACAAGCC	./GSE84115/GSM2300459/ChIPSeq-WT-I12-STAT5A-rep2.fastq.gz
CTGGGGAGGCGGCCTAAGCCACAGCAGCAGCGGTCGCCATCCCAGAGATC	./GSE84115/GSM2300472/ChIPSeq-WT-I24-H3K27ac-rep1.fastq.gz
GATCGGAAGAGCACACGTCTGAACTCCAGTCACGCCAATATCTCGTATGCC	./GSE84115/GSM2300467/ChIPSeq-WT-I24-GR-rep2.fastq.gz
AAGATAGGTTGACTGATCTCCCATTGGCAGATGATTCTAGGCATATCATTT	./GSE84115/GSM2300466/ChIPSeq-WT-I24-GR-rep1.fastq.gz
CAGTGACTAAGACAGGTATCATACTCCATTGCTCTCTATTTTATTGCCTT	./GSE84115/GSM2300463/ChIPSeq-WT-L1-GR-rep2.fastq.gz
AGTTTGATCGTATCAAACTAGATCGGATGAGCACACGTCTGACCTCCAGTC	./GSE84115/GSM2300474/ChIPSeq-WT-L1-STAT3-rep1.fastq.gz
AACTTTGTCTCTGTAACTACTTCCATGGGTATTTTGTTCCCAATTCTAAGA	./GSE84115/GSM2300465/ChIPSeq-WT-I12-GR-rep2.fastq.gz
CCAAGGAGTATTTTGATAAGAAAAAAATTACTAAGCAATAGGCAGTAACC	./GSE84115/GSM2300475/ChIPSeq-WT-I12-STAT3-rep1.fastq.gz
GATCGGAAGAGCACACGTCTGAACTCCAGTCACACAGTGATCTCGTATGCC	./GSE84115/GSM2300468/ChIPSeq-WT-L1-H3K27ac-rep1.fastq.gz
CTTGTATAGACTTACCAAAGCCCTAATTGACTATGATAATTCAAACAAATC	./nih_server_data/p6-RNA-seq/WT4_p6_total-RNA-seq-merged_R2.fastq.gz
CTCTAGAATAGGATTGCGCTGTTATCCCTAGGGTAACTTGTTCCGTTGGTC	./nih_server_data/p6-RNA-seq/WT1_p6_total-RNA-seq-merged_R2.fastq.gz
TGGCAGCATTCCTGCTGATGAGTCTCTTCCAACTTTACATCTTTGNTTGTT	./nih_server_data/p6-RNA-seq/WT4_p6_total-RNA-seq-merged_R1.fastq.gz
CCGTCTATGTAGCAAAATAGTGGGAAGATTTATAGGTATAGGCGANAAACC	./nih_server_data/p6-RNA-seq/WT2_p6_total-RNA-seq-merged_R1.fastq.gz
CTGCATTAAAAATTTCTGTTTGGGCGACCTCGGAGCAGAACCCAANCTCCG	./nih_server_data/p6-RNA-seq/WT1_p6_total-RNA-seq-merged_R1.fastq.gz
AGGGTTCTGTGGTCAAATTTAAAGTTGAACTAAGATTCTATCTTGGACAAC	./nih_server_data/p6-RNA-seq/WT2_p6_total-RNA-seq-merged_R2.fastq.gz
AGTGACTCTGTTAGCCTCTATAAGCAGACCTGGGAGGGTAGCGCTCTCCTT	./nih_server_data/I24/WT_L10_I24_GR_deep_S13_L002_R1_001.fastq.gz
GCATCCAGGGCGGATTTAGACATTGATTTTAGGGGATTATTTGTGAATGAA	./nih_server_data/I24/WT_L10_I24_STAT3_deep_S4_L001_R1_001.fastq.gz
AGGATAATTGTGCTATAATCCACAGAGCCAGAGAAGCTAAGTAATAAGGAG	./nih_server_data/I24/WT_L10_I24_H3K27ac_S36_L004_R1_001.fastq.gz
AAAACTGTACTTTTTACTCAAAAGAGATGAAAAAGAACTTCACATCAGAAA	./nih_server_data/I24/WT_L10_I24_STAT3_S37_L004_R1_001.fastq.gz
CTTATTGCCAGAAGATTCTCCTGGGTATCCAAGCCAGCTGGACTTGAGGTC	./nih_server_data/I24/WT_L10_I24_STAT3_deep_S44_L008_R1_001.fastq.gz
CTGATTTGTCTNTTAACACGCAGGTAGCCGCCAAGNGCANTGTNCNANCNT	./nih_server_data/I24/WT_L10_I24_NFIB_S24_L004_R1_001.fastq.gz
GGAGCATTCCANCAGTGATTGATATGGCTCCTCCCNTGGNNACNGNNNCNT	./nih_server_data/I24/WT_L10_I24_NFIB_S28_L004_R1_001.fastq.gz
CTAGCCTGTCAGATATCATTGGATACTTGTCAAATAAATGAATGCTTCCAG	./nih_server_data/I24/WT_L10_I24-2_STAT3_deep_S16_L002_R1_001.fastq.gz
TCCTACCCTGANTGAGGCTGGTCTCTTCAGAGGANANGNNGNNNNNNCNCC	./nih_server_data/I24/WT_L10_I24_H3K4me3_S30_L005_R1_001.fastq.gz
CTTGCTAGTCAGATATATGGGAGTACTTTTGAAAGAAGATGACAGTAACAG	./nih_server_data/I24/WT_L10_I24_H3K27ac_deep_S10_L003_R1_001.fastq.gz
ACTGTACTTAAGATCTGCTGAGGGCTGGTGAGATGGCTCAGCGGGTAAGAG	./nih_server_data/I24/WT_L10_I24_H3K27ac_S41_L005_R1_001.fastq.gz
ATGAGTGAAAGAACCTTGTTTTATCTCTTTTCTATTGGTTAACATAGGAAT	./nih_server_data/I24/WT_L10_I24_STAT5_S32_L004_R1_001.fastq.gz
TGTAGACTATCTATGGGGTATATTTTNATTGCTAATCGATNCNANNGGNAC	./nih_server_data/I24/WT_L10_I24_PolII_S48_L008_R1_001.fastq.gz
GAAAGTGAAGCAGAAACCCTGGAGGATCGTCACTTACTGGCTTACTTACCT	./nih_server_data/I24/WT_L10_I24_ELF5-V5_S50_L006_R1_001.fastq.gz
CCAGCGGCTGCNGCTGCGCTGCCTGCTGTGAGTGNCNGNNGNNNNNNCNCG	./nih_server_data/I24/WT_L10_I24_H3K4me3_S34_L005_R1_001.fastq.gz
TGTTATTTTCACATTTTTATAGTTACAGACAATTCATTGCATCATGCCGAT	./nih_server_data/I24/WT_L10_I24_STAT5_S11_L001_R1_001.fastq.gz
TATCACTATTCCCGTTTCTTCCTTCCCCCCCAAGTTTAGGACTCTTTTTTC	./nih_server_data/I24/WT_L10_I24_ELF5-V5_S26_L003_R1_001.fastq.gz
CTCTAGCTCCTCCATTGGGGGCCCTGTGTTCCATCCAATAGCTGACTGTGA	./nih_server_data/I24/WT_L10_I24_H3K27ac_deep_S11_L003_R1_001.fastq.gz
GGTTCTTACTAAAAAGATCTTGTAGANTAAAATCAAGGTTNCNANNGANAN	./nih_server_data/I24/WT_L10_I24_PolII_S52_L008_R1_001.fastq.gz
NATGAATGTCTAGCTAGATAAGTAGTAGTATGNGAAACACATGTAAACATC	./nih_server_data/I24/WT_L10_I24_GR_S20_L002_R1_001.fastq.gz
ATGATTTTTCTGCTACAGCCTACTGAATGCTTGTGTCACAGGTATGCATCA	./nih_server_data/p13-RNA-seq/WT_p13-2_S5_L002_R2_001.fastq.gz
TCTGCATCCTGNTCCAGATATCAGAGACAACAAATAAGCTCCGATTAGTTA	./nih_server_data/p13-RNA-seq/WT_p13-1_S7_L002_R1_001.fastq.gz
GGGGTGTGTGCNGGTGGATGTACATGTATGTGTAGAAGGAGACTAGAGTTT	./nih_server_data/p13-RNA-seq/WT_p13-3_S6_L002_R1_001.fastq.gz
GGTGATAGCGAGAGTGTTCATTCGGGCAAGAGGACGCCAAGGTCGGAGTCT	./nih_server_data/p13-RNA-seq/WT_p13-4_S8_L002_R2_001.fastq.gz
GCCAGACAGCANTGAGGTAAAGCATTCTGTATTAAGTGTTTATTGGATTTT	./nih_server_data/p13-RNA-seq/WT_p13-4_S8_L002_R1_001.fastq.gz
GTTGCAATTTTGGAAAGCTACTAGGTATTGTGTGTTCCCTAAGGACTTTTT	./nih_server_data/p13-RNA-seq/WT_p13-1_S7_L002_R2_001.fastq.gz
ATATAATTCAAGGCATGGCCAAGTTCTGTAATCTAGAATTCCCTTTATCTT	./nih_server_data/p13-RNA-seq/WT_p13-2_S5_L002_R1_001.fastq.gz
AATTAATCAGACTCTGGATTCATTGAGAGACATGAACTCAGGATATGTAAT	./nih_server_data/p13-RNA-seq/WT_p13-3_S6_L002_R2_001.fastq.gz
CTTGACCACTGAACTCCAACCACAGCCCNNNCCTTTTNAATTGAATATGCA	./nih_server_data/I12/WT_L10_I12_GR_S37_L004_R1_001.fastq.gz
ATAGTCCAAATGAACCCTGAAAACAGATCATACTCATTTCCTAATTCTGCT	./nih_server_data/I12/WT_L10_I12_STAT5_S28_L003_R1_001.fastq.gz
ATTGAGGGCCATCTTTCTACCATCTTCCAGTTACATATACTGGGGTATACA	./nih_server_data/I12/WT_L10_I12_H3K27ac_deep_S16_L004_R1_001.fastq.gz
GGGACAAATATCCAATATATATAAATAACTCTATAATGTGGACTCCAGAAA	./nih_server_data/I12/WT_L10_I12_STAT5_deep_S21_L005_R1_001.fastq.gz
TCTTCTTCTGACTCATAAAAACAGTTCTCTAGTTAAAACACAGGGAGAGGG	./nih_server_data/L10/WT_L10_H3K27ac_S57_L006_R1_001.fastq.gz
NAAAAGCTTATCTTCAGCTGAGCCTNATCTGCCTCAGCGCTTGCTCAGCCA	./nih_server_data/L10/WT_L10_NFIB-2_S34_L003_R1_001.fastq.gz
AGGGANGCTTTGCTGGGAGATCTAGCANCNGACCAAAACNNTCTCCNTNNT	./nih_server_data/L10/WT_L10_STAT3_deep_S1_L001_R1_001.fastq.gz
ACATCAGTGTTATCCCGCTAATGTTCAGGGGACATCTCAGAAGGGGGTACT	./nih_server_data/L10/WT_L10_PolII_S41_L005_R1_001.fastq.gz
CAAGAGGGAGAGTTATCTCCCAGGAAGGGATTTGACATTTATGTTAAGTTA	./nih_server_data/L10/WT_L10_STAT5_S78_L008_R1_001.fastq.gz
NTGGAACCGGAGGTGCAGGTGGCAGTATACCTCATGTGGGNGNTNNCNNTT	./nih_server_data/L10/WT_L10_PolII_S6_L001_R1_001.fastq.gz
GTCATTAAACTGGTCTTGGATTTGGTCCATAGTTTGTGGGAGATCTCGAGC	./nih_server_data/L10/WT_L10_p-STAT5-B_S51_L006_R1_001.fastq.gz
NAGTGGATTAAGGATCTCCACATAAAACCAGAGACAGTGANANTNNTNNAG	./nih_server_data/L10/WT_L10_PolII_S4_L001_R1_001.fastq.gz
CCGAAAAAAAGCTACTGCTAACATTGCATTGCCAAAATTGAGATCGGAAGA	./nih_server_data/L10/WT_L10_p-STAT5-A_S39_L005_R1_001.fastq.gz
TACACATCACCTTAGCACCCAGACTGAAGAAACAGGCCTGCCTATCTTTCC	./nih_server_data/L10/WT_L10_STAT5_E_S54_L006_R1_001.fastq.gz
GTTTTAGGATAAAATGTTCTGTAGATATCTGTCAGATCCATTTGTTTCATA	./nih_server_data/L10/WT_L10_PolII_S37_L005_R1_001.fastq.gz
GTTCATATTGTTGTTCCTCCTATGAGGTTGAGAAACAATTCAGCTCTCAGG	./nih_server_data/L10/WT_L10_p-STAT5-A_S64_L007_R1_001.fastq.gz
AAAATCCTTCCCAGCTGAGTCTTGAGATAAGCATAGAGTTGTTAGAGCCTC	./nih_server_data/L10/WT_L10_GR_S60_L007_R1_001.fastq.gz
ATGTTTATGAACAGCAGAGGAAGCTGGATTCCAGGAATAACAGCTAGAGCG	./nih_server_data/L10/WT_L10_GR_S63_L007_R1_001.fastq.gz
TTGATTTTTCTGTGGTTGTTGGTTCTTCATTCATTCATGCTAAGAAACACT	./nih_server_data/L10/WT_L10_MED1_S48_L006_R1_001.fastq.gz
ATTTCACGTCCTAAAGTGTGTATTTCTCATTTTCAGTGATTTTCAGTTTTC	./nih_server_data/L10/WT_L10_STAT3_deep_S40_L008_R1_001.fastq.gz
GGAGCATCTTGACTCGCTCTTAGCAAAAGAAATTAGCTGGAAGGGACCTCC	./nih_server_data/L10/WT_L10_GR_S72_L008_R1_001.fastq.gz
NCTCAAACTCTCTGTGTAGCAGAAGGTGGCGTTAAACNCTGTCTTCTCCAA	./nih_server_data/L10/WT_L10_STAT3_S45_L004_R1_001.fastq.gz
CCTCCTTAGAATTTGGAACAAAACCCCCATGNAAGGAGTTACATAGACAAA	./nih_server_data/L10/WT_L10_H3K27ac_S32_L006_R1_001.fastq.gz
AGACAGGGTCGGGGGAGAGGAGAACATGATCTGGTATTGGGTGAGGGAAAA	./nih_server_data/L10/WT_L10_ELF5-V5_S23_L003_R1_001.fastq.gz
AAATCGCGTGATCTCCTGGGTCTTCCTTTGCTCATATGTGAAGCAAGACTC	./nih_server_data/L10/WT_L10_H3K27ac_S1_L001_R1_001.fastq.gz
TTACAGTCAACATTTCTCCCACACTACAGAAAACTGGACGGTAAAGACAAA	./nih_server_data/L10/WT_L10_NFIB_deep_S18_L005_R1_001.fastq.gz
NTCATTAAGAAAAAAAATAGATTTATATCACNTCAATATTGATTTTAGTTT	./nih_server_data/L10/WT_L10_STAT5_S35_L006_R1_001.fastq.gz
TTTTTCAAGTCCTCAAGTGTGTGTTTCTCNNTNTNNNTGATTTTCAGTTTT	./nih_server_data/L10/WT_L10_MED1_S34_L005_R1_001.fastq.gz
CCTCNCAAAGAAAGAAACAAAACTGTCNAGTGACCATTATACCAGCGCTTN	./nih_server_data/L10/WT_L10_NFIB_deep_S18_L003_R1_001.fastq.gz
AGAAAATGAAGGCAATATTAAAAAGGAAATTAAAACTCACCGATAAATGGA	./nih_server_data/L10/WT_L10_STAT3_deep_S3_L001_R1_001.fastq.gz
GNAAGGAGCTCTCAGACAGCATCAGAGAAGTTGTTTTGTANAGTGNTTTGT	./nih_server_data/p6/WT_p6_PolII_S25_L003_R1_001.fastq.gz
TTTCACCGAGTTGTTGACAGCGTCTGCTTGGTTGATTGAACCTGCTGGTGA	./nih_server_data/p6/WT_p6_GR_S47_L005_R1_001.fastq.gz
CCCTGTCATTTGGGGTGGTGATGGATGCAGGTGGGTGGTAGGTGAGGTGAC	./nih_server_data/p6/WT_p6_STAT5_S41_L005_R1_001.fastq.gz
GTCTANCTTTTGCATATAAGCAATGAGTTCATTGCAAGCAGGTGCTTACTG	./nih_server_data/p6/WT_p6_p-STAT5_deep_S25_L004_R1_001.fastq.gz
CTGGAAACAAAACTCGCGCTCTCTTGAAGAGCAGGAAGCACTCTTAATCAC	./nih_server_data/p6/WT_p6_NFIB_S36_L006_R1_001.fastq.gz
TTCTGTTTTCTCGCCATATTCCAGGTCCTACTGTGTGCATTTCTTATTTTT	./nih_server_data/p6/WT_p6_MED1_S45_L007_R1_001.fastq.gz
CTTCAAAGCACAGAGATTCTGATACTTTCACATTAGTCTTTATTCTTTCTT	./nih_server_data/p6/WT_p6_STAT5_S34_L006_R1_001.fastq.gz
ANGATTCAGAGTCAAACTAAACTGACAAGGGACATTAAAAACTCANCCTAA	./nih_server_data/p6/WT_p6_PolII_S28_L003_R1_001.fastq.gz
TGCTGTCACCTGAAATTTTGATCTTAGCCATTCTGACTGGTGTGAGGTGGA	./nih_server_data/p6/WT_p6_H3K27ac_S47_L008_R1_001.fastq.gz
CACCACATGGTGGCTCACAACCATCTGTAATGGGATCCTATGCCCTCTTCT	./nih_server_data/p6/WT_p6_H3K27ac_S32_L004_R1_001.fastq.gz
AGTACCCNGTGTTCTCAGGAGCTCGTACTGTGTATTGAGTTNGAACATATC	./nih_server_data/p6/WT_p6_H3K27ac_deep_S23_L006_R1_001.fastq.gz
ACTCAGGACTCTTGCAAGAGCAAATTTGTTATAAGGTTGGTTTTACAATAG	./nih_server_data/p6/WT_p6_GR_S40_L006_R1_001.fastq.gz
GTCCTACAACAAGGCTAAGGATATATGGTAATGGGGATGCCTCATTCACAG	./nih_server_data/p6/WT_p6_MED1_S42_L007_R1_001.fastq.gz
GATNTATCTTTGCCGCCCTGTTCCTTCAGGGCGGCCCCCTAGTCTTCGCTG	./nih_server_data/p6/WT_p6_H3K4me3_S43_L006_R1_001.fastq.gz
CATCTATGCTGTAAGGCCAGGCCTGGAGAGGGGGGCTTAGGAGTAGTAATC	./nih_server_data/p18/WT_p18_STAT5_S3_L001_R1_001.fastq.gz
NAGGAAAACCCAGCCAATAGACATCAGGTTTTGTGCTGGGTGTCTGCCAAG	./nih_server_data/p18/WT_p18_H3K27ac_S43_L005_R1_001.fastq.gz
NCAAACTACAGGATCCCCGCCAATACCGTCAGGTAGTTTTACCTTAAACCC	./nih_server_data/p18/WT_p18_GR_S44_L005_R1_001.fastq.gz
ACCAGGCTGGCCAAGAATTTATGACAATCCTGTTTCTGCTTCCTGGGTGTT	./nih_server_data/p18/WT_p18_H3K27ac_deep_S14_L004_R1_001.fastq.gz
TGTGAAANAAAAAAAAATTCTCAAATCGCATTTAGAAAGATNGTTAGATAG	./nih_server_data/p18/WT_p18_H3K27ac_deep_S25_L006_R1_001.fastq.gz
CAAAGTTTTGAGCTGAGANGAAAGGATGGACCATGTGGAGACTGCCATATC	./nih_server_data/p18/WT_p18_PolII_S55_L006_R1_001.fastq.gz
CACATACNTTGGAAACCGGCATTGTAGAACAGTGTATATCANTGAGTTACA	./nih_server_data/p18/WT_p18_GR_deep_S27_L006_R1_001.fastq.gz
TCAGTNAGTGGGATAGCTCAGCAAAGGCCACCTCCATAACTCATGTGGGGA	./nih_server_data/p18/WT_p18_H3K27ac_S24_L003_R1_001.fastq.gz
TTCTCTCAGTGAAGAGAAGATCAGGTAAGACTTGAGACAAACAAGTTGTAC	./nih_server_data/p18/WT_p18_STAT5_lane5_S48_L005_R1_001.fastq.gz
ACCATGCACTAAGGCTGATCTTCAATAACAAAATAAATAACAGAAAGCCAA	./nih_server_data/L1/WT_L1_p-STAT5-B_S47_L006_R1_001.fastq.gz
CCTGACATAATAACCCTAAGGGTGCAGCCAGGCATGTATAGCTTGGCCATA	./nih_server_data/L1/WT_L1_H3K4me1-B_S8_L002_R1_001.fastq.gz
ATGTCTTCAAAACCAGTATCACCTGGGTGACTCCTACACATGATCAAGTTC	./nih_server_data/L1/WT_L1_H3K4me1-A_S4_L001_R1_001.fastq.gz
GAGTCAAACTCATTTGTATACATGTCAGAATGTAAACTGAATTTAAAAAGT	./nih_server_data/L1/WT_L1_GR_S62_L007_R1_001.fastq.gz
NTTATTTTTAGGCTAGACTGCTATCATTTTTAAAATAAGTAACGGTCATGG	./nih_server_data/L1/WT_L1_H3K27ac_S83_L008_R1_001.fastq.gz
TCATGTTTCCCTGTGACCCTGCCTATAGGGGATTGTCTTGACTGTTCATGG	./nih_server_data/L1/WT_L1_GR_S72_L007_R1_001.fastq.gz
GCTCATATACTTCCTCTCCACCTTGTGAAAAGATTGACATAAGGTCCTTGT	./nih_server_data/L1/WT_L1_Prlr_deep_S33_L005_R1_001.fastq.gz
NACTGTAGAACATATTAGATGAGTGAGTTACACTGAAAAACACATTCGTTG	./nih_server_data/L1/WT_L1_PolII_S74_L008_R1_001.fastq.gz
NGTTGGGTGACTTCCGACCCGCTGCTGCAGAAGGGGAGGCNCNTNNGNNCT	./nih_server_data/L1/WT_L1_PolII_S2_L001_R1_001.fastq.gz
NATCTATCTACTACAGGCAGTATCTTCAGGTTCCATCTCCATAATGTTGG	./nih_server_data/L1/WT_L1_CREB2_S17_L007_R1_001.fastq.gz
GCTTGCATGGAGCAGAGCAGAGCACTGGCCCCTGAGAACAGCCAGCTCTTA	./nih_server_data/L1/WT_L1_H3K4me1-C_S11_L003_R1_001.fastq.gz
CACAGACACACAGACACACACTCAGACACACACACAGACACACACACAAAC	./nih_server_data/L1/WT_L1_p-STAT5-A_S60_L007_R1_001.fastq.gz
AGATGGAAAATTTAGAAATGTCCACTGTAGGACGTGGAATATGGCAAGAAA	./nih_server_data/L1/WT_L1_H3K4me3_S50_L008_R1_001.fastq.gz
TTGGAAACCGGCATTGTAGAACAGTGTATATCAATGAGTTACAATGAGAAA	./nih_server_data/L1/WT_L1_STAT5_S18_L005_R1_001.fastq.gz
CAGGCGGATTTCTGAGTTCGAGGCCAGCCTGGTATNCAAAGTGAGTTCCAG	./nih_server_data/L1/WT_L1_H3K4me1-C_S13_L003_R1_001.fastq.gz
NACTGTGGGAATTCTTCAATAACAGCTGCCACCTTAGNGATTCAGATAGCT	./nih_server_data/L1/WT_L1_Prlr_S46_L004_R1_001.fastq.gz
NAAGAAAAACTGTCTGCGCATGCTCAGTACAAGAACACTTNCNTNNCNNAT	./nih_server_data/L1/WT_L1_PolII_S5_L001_R1_001.fastq.gz
CCTGTACCTCTTGTGTGTGAATACAAACTAGTCTGCACAATTGCCTTTGAG	./nih_server_data/L1/WT_L1_NFIB_S39_L006_R1_001.fastq.gz
ATGTACACTGAGNCAGAGGCTGTGGCCCCCGAGGCTCCCGCACGTCCCCTC	./nih_server_data/L1/WT_L1_H3K27ac_S29_L006_R1_001.fastq.gz
GANAGGTTCTGTTTTGGGCCTTCATCTTCGGCCGGGAAGAAGTTCTGAATG	./nih_server_data/L1/WT_L1_H3K4me1-A_S2_L001_R1_001.fastq.gz
CAAATGTGGCAGCCCTGGGACACAGCTCAATACAGAACACCGGGGCAGNCA	./nih_server_data/L1/WT_L1_H3K27ac_S28_L004_R1_001.fastq.gz
TCCAAACTCTGTTTAATGTTTGGCTGTGGGTCTCTGCATCTGTTTTTATCA	./nih_server_data/L1/WT_L1_STAT5_S26_L005_R1_001.fastq.gz
GGAGTGGACACACTTCAGGTAGTGAGAGGCTGTGGCTTTTTTACCTTTTTG	./nih_server_data/L1/WT_L1_H3K4me3_S20_L003_R1_001.fastq.gz
ANAGCTCCAAAGGCAGAGGCAGGGAGATCTCAAGTTCAAGGTCAGCCTGGG	./nih_server_data/L1/WT_L1_H3K4me1-B_S6_L002_R1_001.fastq.gz
GGGTNGTCATGCTCAACTTGGGTGGCNNGAGGACCCAGCATTTCACTCACA	./nih_server_data/L1/WT_L1_H3K4me3_S22_L003_R1_001.fastq.gz
TGTGTGGCCTCTTTAATGGCTTCTAGCTGTTTACCTGTGTTCTCCTGTATT	./nih_server_data/L1/WT_L1_Prlr_deep_S41_L008_R1_001.fastq.gz
TTCCNCTTAAAAAGCACTAAACTTGGGCTCCACTGAAGCCTAAGGTCCTTN	./nih_server_data/L1/WT_L1_NFIB_deep_S22_L003_R1_001.fastq.gz
NGGCCCCCTAGAAGCACAATCCAGAGCCATCTCTAACATTTCTATTAAGA	./nih_server_data/L1/WT_L1_CREB_S22_L007_R1_001.fastq.gz
NAGTGAAGTCCAAGTCACACCCCAGTGCACTCACACATTAAACAGGGTTGA	./nih_server_data/L1/WT_L1_STAT5_S71_L007_R1_001.fastq.gz
CTCACAATCATCTATTGGATGGAACACAGGATACCCAATGGAGGAGTACCC	./nih_server_data/L1/WT_L1_STAT5_S43_L005_R1_001.fastq.gz
NTGAACATGGTCAGGATGGGGTGCANTTTCTAAACTTGCAAAGAGAATATT	./nih_server_data/L1/WT_L1_NFIB-2_S30_L003_R1_001.fastq.gz
CAGTCCTTAATGACCTTCATACAAGGGTGGGCCCTATCTACTCTTGCATGT	./nih_server_data/L1/WT_L1_H3K27ac_S30_L004_R1_001.fastq.gz
GATCAGTATAAGCCCAAGGCCAAGTACCATGGCAACGTGACACTGCTGCGT	./GSE115370/GSM3176754/RNA-seq-WT1-L1_2.fastq.gz
CCGTCACACACCTGGGAGAGGTTGTAGTCAGCACCCAAGTCCTCGCCATAG	./GSE115370/GSM3176754/RNA-seq-WT1-L1_1.fastq.gz
GTCGGCTCTTCCTATCATTGTGAAGCAGAATTCACCAAGCGTTGGATTGTT	./GSE115370/GSM3176755/RNA-seq-WT1-L10_1.fastq.gz
AACTAACCTGTCTCACGACGGTCTAAACCCAGCTCACGTTCCCTATTAGTG	./GSE115370/GSM3176755/RNA-seq-WT1-L10_2.fastq.gz
TGTATACTGGACCAGTGCTCTACCCACTGGGCACTATAGCCCCAGCCTTCT	./GSE115370/GSM3176657/ChIP-seq-WT-L1-GR-rep2.fastq.gz
TACACATCACCTTAGCACCCAGACTGAAGAAACAGGCCTGCCTATCTTTCC	./GSE115370/GSM3176659/ChIP-seq-WT-L10-STAT5A-rep2.fastq.gz
TATGGGAAGAGATGTGGCCTTGTTAGAAGTGTGTCACAGGCTTTGAGGGCT	./GSE115370/GSM3176655/ChIP-seq-WT-L1-STAT5A-rep2.fastq.gz
NTCGTTTTTATTTTGTGCTCTGTGTATGTGGTAAGGCACAGCAGCGAAGAC	./GSE115370/GSM3176757/RNA-seq-WT2-L10_1.fastq.gz
GTGCTCAACCTCACGACTCCTGGAAGCCTGCACTTTCCACAAACATTAAAA	./GSE115370/GSM3176757/RNA-seq-WT2-L10_2.fastq.gz
NTGCATTTCTCATTTTTCACGTTTTTTAGTGATTTCGTCATTTTTCAAGTC	./GSE115370/GSM3176665/ChIP-seq-WT-L10-MED1_rep2.fastq.gz
NTTACTTTGAAGATTTGTATGCTGCCCATCTGTCCATAGATGGTATAGAAA	./GSE115370/GSM3176664/ChIP-seq-WT-L10-MED1_rep1.fastq.gz
NTGGGTCAGTCGGTCCTGAGAGATGGGCGAGCGCCGTTCCGAAGGGACGGG	./GSE115370/GSM3176756/RNA-seq-WT2-L1_1.fastq.gz
CGCCGGCTTCTCCGGGATCGGTCGCGTTACCGCACTGGACGCCTCGCGGCG	./GSE115370/GSM3176756/RNA-seq-WT2-L1_2.fastq.gz
GTGGACGGTGTGAGGCCGGTAGCGGCCCCCGGCGCGCCGGGCCCGGGTCTT	./GSE115370/GSM3176760/RNA-seq-WT4-L10_1.fastq.gz
CTTTCCCTTACGGTACTTGTTGACTATCGGTCTCGTGCCGGTATTTAGCCT	./GSE115370/GSM3176760/RNA-seq-WT4-L10_2.fastq.gz
CCTTAGCCTCAGTCATACTCTTCATACAAGGGCAAGAAAAAAAAAGTCACA	./GSE115370/GSM3176654/ChIP-seq-WT-L1-STAT5A-rep1.fastq.gz
CAGCCTCTGTGGGCCAAGGGAGGCGCCCAGCACAAGGACTTGCAAGATCGG	./GSE115370/GSM3176660/ChIP-seq-WT-L10-H3K27ac-rep1.fastq.gz
AAATCGCGTGATCTCCTGGGTCTTCCTTTGCTCATATGTGAAGCAAGACTC	./GSE115370/GSM3176661/ChIP-seq-WT-L10-H3K27ac-rep2.fastq.gz
CTGGATTGAATCAGTTCATTAAATATCCATGGACAAACCAGTCAATCCTGT	./GSE115370/GSM3176759/RNA-seq-WT4-L1_2.fastq.gz
GGAAAAGCATGTAAATTGATCACTAAACTTAACTCGGAATGGTCCACACCA	./GSE115370/GSM3176759/RNA-seq-WT4-L1_1.fastq.gz
TCTGGCTATTATAAATAAGGCTACTATGAACATAGTGGAACATGTGTCCTT	./GSE115370/GSM3176662/ChIP-seq-WT-L10-GR-rep1.fastq.gz
TAATAAATATGACATTTTTAAAATCAAATGATGCCTGTATGGTCTAAGAGA	./GSE115370/GSM3176656/ChIP-seq-WT-L1-GR-rep1.fastq.gz
AACTTCTAGGGNTACAGGAGGGTCAAAATTCCTTCTGTGAATTTTGTGTGC	./GSE115370/GSM3176658/ChIP-seq-WT-L10-STAT5A-rep1.fastq.gz
TAGCAGATTATGAATCCAAACACTGAAAGTGGTAGCAGACTCAATAGAAAT	./GSE115370/GSM3176663/ChIP-seq-WT-L10-GR-rep2.fastq.gz

AAATGATCGAAGTCTACCTGCTTCTACTAAATTCCTGACGGGAAACTTCTC	../chipseq/controls/I12/WT_Inv12_input_080316_S31_L005_R1_001.fastq.gz
CCTCAGCATTGTCAGAAGGAAGAGAAAGGCCCTGAAGGCAAAAGACAATGC	../chipseq/controls/p13/merged-p13_mg_input_AGTTCC_L003_R1_001.fastq.gz
AAACCAGTAGTAAGAAAGAAAACAATGGTCTCCTGGAATTCTAGGCCATAT	../chipseq/controls/p13/Sample_p13Input-032715.fastq.gz
ATGAGAGCCTTTGTGTAATGGCGAGCATAACAGGGCGAACCTCAGCACCCT	../chipseq/controls/p13/Sample_p13Input-0407.fastq.gz
AATGTTTGTGGGGAGCAGATGCAGCAGCACCTGCCTCCAGCCAGCACTGC	../chipseq/controls/p13/merged-p13-Input-090815_GTCCGC_L007_R1_001.fastq.gz
ATTCTAACTTTATTTCATTATTTTACCTCAAGCAACAATCACTTGAGTTCA	../chipseq/controls/p13/merged-p13-input_GCCAAT_L005_R1_001.fastq.gz
CTTAGACTTTGCCCAAATCCCTGTGTGCAAACCTGGAGCAAGGCTCCTGAG	../chipseq/controls/p18/merged-WT-p18-input_ATGTCA_L002_R1_001.fastq.gz
TGTCTCACCCCAGCAAGAAGGGGATGTACCAGTGGGAAAATGGATGTACTC	../chipseq/controls/p18/merged-p18-input_CAGATC_L007_R1_001.fastq.gz
ATTGTACTATCTCACTGTGAGTGATTAAACAGAGGATCAGATAAGTAATAA	../chipseq/controls/L1/input_S60_L007_R1_001.fastq.gz
TATTACAGGTACTTCAGTGTGCANTTCTNANNTNNNNNNNNTNTNNNTGA	../chipseq/controls/L1/Sample_0414-Input.fastq.gz
NAACTATAAGTTAGGCCCACATGTCAGACTTACTTATAGTTAAGATCGGAA	../chipseq/controls/L1/mam-Input-011216_S13_L002_R1_001.fastq.gz
CTGACATGAATGGCTCTTCCCTGAGAATCACACTTATGAAACTAGGAGGCA	../chipseq/controls/L1/input_S27_L003_R1_001.fastq.gz
CGTATGCCGTCTTCTGCTTGAAAAAAAAAAAAAAAAAAAATCTCGAGATCA	../chipseq/controls/L1/merged-Input_WT_L1_ATGTCA_L004_R1_001.fastq.gz
CAATAAAATTCTCGCTAACCGAATCCAAGAACACATTAAAGCAATCATCCA	../chipseq/controls/L1/inputWT_S12_L003_R1_001.fastq.gz
ACAATGCTGTTTTTAAGTGGTACCAGTATCAGTTTGTCAGAGATAATTACA	../chipseq/controls/L1/input_S8_L002_R1_001.fastq.gz
AATGACCAGTGCTTGTGTGTGGTGCGCATGTGTGTGGAGGCTGGAGGACAG	../chipseq/controls/L1/WM_input_022916_S34_L005_R1_001.fastq.gz
NATGCAATGGTCATCATTCTTATTACACATGAATGGAAACAGGCTCAAGGA	../chipseq/controls/L1/WM_input_033016_S24_L003_R1_001.fastq.gz
NAAGATTGGGTTGTAGGCAAGCCTGTAAGCCAATCTTAAGATCGGAAGAGC	../chipseq/controls/L1/input_S13_L007_R1_001.fastq.gz
AAAGACAGCATCTTTAACCATGGTTCTGATCAAACTGGATGCCTGCATGTA	../chipseq/controls/L1/WT2_Input_L1_MG_S14_L003_R1_001.fastq.gz
NTTGGTATCTATTATTGAACTTCCTGTATAATAGATACCAAAAGATCGGAA	../chipseq/controls/L1/WT1_Input_L1_MG_S10_L003_R1_001.fastq.gz
NACAAAAAACAAACAAAAAAAACCACACCTATAACTTTTCATTTTTTTCTG	../chipseq/controls/L1/Input_S76_L008_R1_001.fastq.gz
NTATAATATATAGGATATATGTGTAGATATATATCCCCCATATATCTATCT	../chipseq/controls/L1/input_S115_L008_R1_001.fastq.gz
CTTTAATTTAAAACATCTATTTAGTTAGGATGGATCTTCTACCAACTGAAG	../chipseq/controls/L1/input_S22_L003_R1_001.fastq.gz
CTCCATGCCTTCTGGGGACCACAGGGTTCATAACTCTTGCATCTGGCTCTT	../chipseq/controls/L1/WT_L1_input.fastq.gz
ATCAACTCATGAAAGCTGGGCAGGATGGCATTGTATTCATTACTTTTCTCT	../chipseq/controls/L10/WT_L10Input_06_29_2018_S22_L004_R1_001.fastq.gz
